ID,Category
xguwzbbzwk.png,Scentless Mayweed
oswkkowqvz.png,Loose Silky-bent
qcrkaeslvl.png,Loose Silky-bent
dtdslbefyx.png,Black-grass
yiileyjjhe.png,Black-grass
nlludoykla.png,Loose Silky-bent
cnheaqhxqt.png,Sugar beet
rzzjknapjs.png,Scentless Mayweed
grzdqhgeak.png,Loose Silky-bent
uvtvmblvjo.png,Sugar beet
jcilzpibbz.png,Scentless Mayweed
yibnafoaxf.png,Loose Silky-bent
spdgdkcepq.png,Sugar beet
ejtlwirher.png,Sugar beet
dfgbjqnati.png,Scentless Mayweed
gnpsxzmtyc.png,Black-grass
klpnpjyivp.png,Loose Silky-bent
yxisbqyscm.png,Loose Silky-bent
ussouonjgd.png,Scentless Mayweed
xuokqkhztn.png,Black-grass
ccsndfakoa.png,Scentless Mayweed
lqexozcwho.png,Sugar beet
tnbvirxswd.png,Loose Silky-bent
fvztcrugqu.png,Common wheat
wetxmsnrzw.png,Black-grass
xszjzdswpb.png,Loose Silky-bent
uqxrxhzswk.png,Loose Silky-bent
nfobdshfgw.png,Black-grass
vyotleojfd.png,Sugar beet
uoxvlwbdwx.png,Loose Silky-bent
opceozfkju.png,Common wheat
jguxobbjmt.png,Scentless Mayweed
qokljrzywp.png,Scentless Mayweed
hczobzsedt.png,Sugar beet
kxjmbmkeln.png,Loose Silky-bent
luxewyqcsh.png,Loose Silky-bent
fckyfnwrys.png,Sugar beet
eneslicrsf.png,Loose Silky-bent
ffjlphxiuu.png,Scentless Mayweed
fyfubgduqt.png,Loose Silky-bent
vtkdbolatn.png,Sugar beet
owyschkqbe.png,Loose Silky-bent
pomucvhlfv.png,Sugar beet
wjawzyfooy.png,Scentless Mayweed
fvamzmlieq.png,Sugar beet
texadqxftk.png,Common wheat
ntzysdkdix.png,Scentless Mayweed
nwrkywehcy.png,Black-grass
pedubxpgdt.png,Scentless Mayweed
xcvoiwqvcg.png,Scentless Mayweed
behrxwzueb.png,Black-grass
yepdzaiaib.png,Black-grass
owbizztxio.png,Sugar beet
nrnriwuejd.png,Sugar beet
jkqngvlewv.png,Loose Silky-bent
qabrdzczqv.png,Loose Silky-bent
kikggejczw.png,Common wheat
bfgtphhmiu.png,Loose Silky-bent
kudsenexjy.png,Loose Silky-bent
zalxfcspuw.png,Common wheat
eoonmblmys.png,Loose Silky-bent
kgkrsiaqvp.png,Scentless Mayweed
bddyvdvkgo.png,Loose Silky-bent
vzdumodmix.png,Sugar beet
mvkdsviofo.png,Sugar beet
wwswkbrcoq.png,Common wheat
qtjddsbodz.png,Loose Silky-bent
xonkpltokc.png,Sugar beet
ltezzmzali.png,Sugar beet
yhfihoroja.png,Sugar beet
biwpjwytdz.png,Loose Silky-bent
eivyqukhbm.png,Scentless Mayweed
rvfmmxhwiz.png,Black-grass
kqwtvzaojh.png,Sugar beet
copzwrcqpp.png,Black-grass
gxnltnusrw.png,Scentless Mayweed
tkztxnbzii.png,Common wheat
klaxtxwzpy.png,Common wheat
ibwiahxzjd.png,Loose Silky-bent
bjogjvvgoo.png,Loose Silky-bent
ikqxkgqcoe.png,Sugar beet
tywabsvqra.png,Common wheat
xomnxcytvu.png,Scentless Mayweed
gydhgjmbeu.png,Common wheat
pvhcgpwxmh.png,Black-grass
gqaqxfsrjm.png,Loose Silky-bent
qtijdvholg.png,Sugar beet
kvddwpydof.png,Loose Silky-bent
vfqjxktqla.png,Sugar beet
bbtaboqkyy.png,Sugar beet
wnriletlub.png,Loose Silky-bent
acmbgjflct.png,Loose Silky-bent
axckzqattx.png,Common wheat
vpbmhakghw.png,Scentless Mayweed
mfomxojopt.png,Loose Silky-bent
bcftvziwoc.png,Scentless Mayweed
dhuxgfcbyw.png,Common wheat
centurrxas.png,Common wheat
byagcjezqs.png,Sugar beet
egpzdxqvpd.png,Scentless Mayweed
rnhghabnja.png,Loose Silky-bent
zohdvivbam.png,Loose Silky-bent
oczlkbzzex.png,Scentless Mayweed
zyannmjnzp.png,Loose Silky-bent
ashctxuyff.png,Sugar beet
otxsimogas.png,Sugar beet
hdyiqjujhu.png,Sugar beet
pugdpqkpds.png,Scentless Mayweed
fveomjdzuo.png,Black-grass
sriaeshyfk.png,Loose Silky-bent
kwskdnjgxc.png,Black-grass
aijmdaocym.png,Loose Silky-bent
yrwjmfhwry.png,Loose Silky-bent
bodktpofui.png,Sugar beet
zuwhjhacws.png,Loose Silky-bent
mtwprfngsm.png,Black-grass
dcujdmvsic.png,Scentless Mayweed
pmzasfyhcf.png,Loose Silky-bent
fuqyhdpdtd.png,Scentless Mayweed
dantaresqw.png,Loose Silky-bent
rysjkwilea.png,Sugar beet
rozjkntalf.png,Sugar beet
szkvxeczgx.png,Common wheat
mslovezast.png,Loose Silky-bent
rjnqfhkkgg.png,Loose Silky-bent
azlgnuwzcc.png,Loose Silky-bent
dkkudibscv.png,Scentless Mayweed
ablzkpojla.png,Sugar beet
lryxdoxxwt.png,Scentless Mayweed
lwvfwbtvrh.png,Loose Silky-bent
kzimmhgkpz.png,Common wheat
juwtbqhsyo.png,Loose Silky-bent
nppwjyjmij.png,Black-grass
jkgkgynekg.png,Black-grass
esqiikafkg.png,Sugar beet
lzxpeiohkd.png,Sugar beet
lxgzskpnwx.png,Black-grass
luqiohnxce.png,Sugar beet
bcgxgybctb.png,Scentless Mayweed
ytsulvbzxv.png,Common wheat
fonhdnueip.png,Loose Silky-bent
afhcnytjtd.png,Loose Silky-bent
twoizkzkuo.png,Loose Silky-bent
wevwmedvob.png,Loose Silky-bent
yuztpjtmed.png,Scentless Mayweed
smuxpsnmfu.png,Common wheat
hbxgyftyqv.png,Black-grass
pffbrwnwpk.png,Loose Silky-bent
cmfxlbnrbp.png,Black-grass
vynrynkwkm.png,Scentless Mayweed
ghypwdbcff.png,Loose Silky-bent
irjbsiqtgs.png,Scentless Mayweed
mcjydfzolz.png,Scentless Mayweed
ropkdhzrzm.png,Loose Silky-bent
lhpvqttjie.png,Loose Silky-bent
rligefteug.png,Sugar beet
txiwvlakgu.png,Loose Silky-bent
dmavvtqoxt.png,Common wheat
urwemzusdg.png,Sugar beet
gophqculko.png,Sugar beet
tgbzqodhlx.png,Sugar beet
iyxxzvnlxh.png,Loose Silky-bent
dwpvnaiokv.png,Scentless Mayweed
tmbhykykjg.png,Loose Silky-bent
wxjxmffeed.png,Scentless Mayweed
drzdqzpgwe.png,Sugar beet
onavlwurkq.png,Loose Silky-bent
kenccrblre.png,Scentless Mayweed
phgwpwvqkb.png,Sugar beet
osnuizbvjn.png,Scentless Mayweed
tmkjfxxvhn.png,Black-grass
ahoyeyvosg.png,Loose Silky-bent
glsgvqoesy.png,Loose Silky-bent
zujctolcqc.png,Scentless Mayweed
wbxkuxvlen.png,Loose Silky-bent
qtwvmpwqxr.png,Loose Silky-bent
pjobdwurhq.png,Common wheat
ekhgcopiiq.png,Loose Silky-bent
qeprgfljaz.png,Sugar beet
vzgwwruqdb.png,Scentless Mayweed
ujulzbekwm.png,Scentless Mayweed
xvazcpzjle.png,Scentless Mayweed
rgbtbzkxkf.png,Loose Silky-bent
rygkcdbrrv.png,Sugar beet
nwrwawtrzv.png,Sugar beet
iaduingcvp.png,Sugar beet
vnhtiyawpu.png,Scentless Mayweed
fpejmnedvr.png,Sugar beet
uuahfhgvmw.png,Black-grass
armpwctjip.png,Sugar beet
dtabkfemaz.png,Black-grass
jahcddjvyr.png,Common wheat
bvaepccduw.png,Black-grass
mmymoutzib.png,Scentless Mayweed
ocylpkhemv.png,Black-grass
hwbvvzkutf.png,Black-grass
fuyezvysvn.png,Sugar beet
thqeyspstv.png,Scentless Mayweed
sltboitadp.png,Scentless Mayweed
syxzopexip.png,Loose Silky-bent
vlhpmsqcqz.png,Sugar beet
ojfuceyusu.png,Common wheat
tcsghsibwv.png,Sugar beet
lrbysstomm.png,Scentless Mayweed
zzeoefhzlm.png,Sugar beet
apjrnavrnr.png,Sugar beet
kdczyuuixb.png,Sugar beet
mzxykzxxle.png,Black-grass
jndsujvhje.png,Common wheat
zhjkpmuikc.png,Scentless Mayweed
hyqphcberu.png,Black-grass
kaquxmovvp.png,Loose Silky-bent
knumhcaapr.png,Loose Silky-bent
nxejmhjgoh.png,Loose Silky-bent
cgujptuaec.png,Black-grass
jbjauzxtxb.png,Scentless Mayweed
hkxtyipzxz.png,Loose Silky-bent
vbritqqjow.png,Loose Silky-bent
xftmznmtxv.png,Scentless Mayweed
cvzjjgusqp.png,Scentless Mayweed
ewyctucfck.png,Scentless Mayweed
zlhzobehcl.png,Sugar beet
bptnacusgf.png,Sugar beet
pdeaibhxiu.png,Loose Silky-bent
fhltslmfzk.png,Scentless Mayweed
czjycoucuh.png,Loose Silky-bent
jvayshwqgd.png,Sugar beet
xlhwjcbbex.png,Scentless Mayweed
xwgxsdrayz.png,Loose Silky-bent
znbfvhnfjm.png,Black-grass
ldkwmgoqic.png,Sugar beet
bxrgvlrzfv.png,Black-grass
mtivrcuxex.png,Loose Silky-bent
wxwuwujcto.png,Loose Silky-bent
abkieurfrr.png,Sugar beet
mrxgthconc.png,Loose Silky-bent
oxqakwendg.png,Scentless Mayweed
thrjzetcko.png,Sugar beet
kqlxakbfwp.png,Loose Silky-bent
krriqxtudt.png,Loose Silky-bent
kpvmarefih.png,Black-grass
ydcurwxqsf.png,Loose Silky-bent
dnbibfgxoh.png,Loose Silky-bent
moixwcewua.png,Scentless Mayweed
ztrphrqhxy.png,Loose Silky-bent
uiivossmor.png,Black-grass
xusjgbcmxp.png,Black-grass
cslwurbopz.png,Loose Silky-bent
jovmavvkba.png,Loose Silky-bent
hiaajmpnox.png,Loose Silky-bent
jjowhulavb.png,Scentless Mayweed
zuxbncifsg.png,Sugar beet
eafcccjbiv.png,Black-grass
lyctbsbcbl.png,Loose Silky-bent
ulzmjrmejy.png,Black-grass
pjtqzmwfrc.png,Black-grass
dnqcuwdaau.png,Scentless Mayweed
jhlgxwaoff.png,Loose Silky-bent
fmtacmhggf.png,Common wheat
xdsgngldrv.png,Loose Silky-bent
qkowmghhek.png,Black-grass
idftsblvbq.png,Black-grass
qwuletixys.png,Sugar beet
lzyykebgdd.png,Common wheat
aupdlpczgg.png,Black-grass
niwsouxwfj.png,Loose Silky-bent
lcczpgzriz.png,Scentless Mayweed
nebzokaudm.png,Scentless Mayweed
rdnrdirudn.png,Black-grass
sdwynlrqzf.png,Sugar beet
igdnbxckll.png,Scentless Mayweed
pafikvrdaw.png,Sugar beet
tjagllgitn.png,Black-grass
fnrhbxjjbo.png,Scentless Mayweed
ipmvpmkgxr.png,Loose Silky-bent
vmoutndlat.png,Black-grass
nxwdfjcuad.png,Sugar beet
feetokipby.png,Scentless Mayweed
dckfmdcvny.png,Scentless Mayweed
hyjituyuiy.png,Loose Silky-bent
xymchwgcll.png,Loose Silky-bent
gcacdntvms.png,Scentless Mayweed
spxktyikhl.png,Scentless Mayweed
gmwjzjoxrw.png,Scentless Mayweed
txtftbejxr.png,Scentless Mayweed
tsqgcquzat.png,Common wheat
nwhwzzyhei.png,Sugar beet
gcpedilmtt.png,Common wheat
fjbfszdasp.png,Common wheat
xxfkdrrkkj.png,Scentless Mayweed
sjilqfbtun.png,Sugar beet
ftkmtdinit.png,Sugar beet
vylpdviiec.png,Scentless Mayweed
ectziftnbc.png,Scentless Mayweed
hwcpqtbrfq.png,Common wheat
ajjwrhipgh.png,Loose Silky-bent
gjkrjbymlp.png,Black-grass
drjoqyztny.png,Loose Silky-bent
asgkdhflws.png,Loose Silky-bent
kjxxhgggcm.png,Loose Silky-bent
arkzcnxddq.png,Scentless Mayweed
axzjvqaozv.png,Loose Silky-bent
xhirnjphug.png,Sugar beet
mmcpkyltny.png,Scentless Mayweed
xxicyapkdf.png,Sugar beet
mafbnskkjo.png,Loose Silky-bent
rojhnoqhlm.png,Sugar beet
cmgnglzbdi.png,Loose Silky-bent
ntknpvveuj.png,Sugar beet
uorwegqbec.png,Loose Silky-bent
gcqqvzqict.png,Loose Silky-bent
jwgnqgrzih.png,Black-grass
eqepsdeimh.png,Scentless Mayweed
xxjwjnkdug.png,Common wheat
svzxubipqx.png,Loose Silky-bent
mrlozvtega.png,Sugar beet
mhldplqjif.png,Loose Silky-bent
gmlsvsjxeu.png,Sugar beet
czrhjufatu.png,Sugar beet
oxktdmivjg.png,Loose Silky-bent
dxwxzokznk.png,Scentless Mayweed
mjwwgfewpf.png,Loose Silky-bent
ubafvuikug.png,Black-grass
cszvtqcjyf.png,Black-grass
izqyjccxms.png,Scentless Mayweed
pospvdbklv.png,Sugar beet
gpptwfwhsq.png,Scentless Mayweed
sjcuqgcvcx.png,Common wheat
bugmoniqro.png,Loose Silky-bent
epcnkrotto.png,Scentless Mayweed
jxlipyulat.png,Scentless Mayweed
sskmtqouuq.png,Scentless Mayweed
rnrgskjbjb.png,Common wheat
nljofyfoyq.png,Scentless Mayweed
jxrwesyrlx.png,Loose Silky-bent
slgxqupkbo.png,Black-grass
mdoyjybwyg.png,Sugar beet
fgptseabcb.png,Loose Silky-bent
outenevxze.png,Scentless Mayweed
jufrtlrlvi.png,Loose Silky-bent
pcixnxyvex.png,Loose Silky-bent
vaabqcsdcy.png,Loose Silky-bent
xcjokssbnw.png,Scentless Mayweed
stcmijhsih.png,Common wheat
lpsryofhmi.png,Sugar beet
fbesmagcov.png,Loose Silky-bent
oywnbldthm.png,Loose Silky-bent
rljccdnghl.png,Loose Silky-bent
rjgffomcoj.png,Scentless Mayweed
pregoqnfqj.png,Sugar beet
skvswklmwr.png,Sugar beet
mtubjqnsnj.png,Black-grass
ywlhaaosgy.png,Loose Silky-bent
tnjvlrcjgr.png,Scentless Mayweed
tzypetkbgn.png,Scentless Mayweed
rvalvyscrd.png,Scentless Mayweed
lprugjkwze.png,Sugar beet
lynsyiemxe.png,Scentless Mayweed
ojdocbynpn.png,Scentless Mayweed
hffnddlswm.png,Loose Silky-bent
wylutunhmi.png,Loose Silky-bent
vpnabgqcnl.png,Common wheat
oeahuykhjg.png,Scentless Mayweed
metgklthvp.png,Sugar beet
lbmooerxyh.png,Loose Silky-bent
nsdnlsidwk.png,Scentless Mayweed
omtfyppxsf.png,Sugar beet
gbcldustxa.png,Scentless Mayweed
jcpfoqgpwg.png,Black-grass
zyzmjbpqhe.png,Black-grass
kmdvdjjrja.png,Black-grass
nnqyqntaab.png,Sugar beet
ehukpgpqcg.png,Sugar beet
qhhkpfaulm.png,Black-grass
uyjeuqjlhe.png,Scentless Mayweed
polmbggkqh.png,Loose Silky-bent
yyyxkgoayc.png,Loose Silky-bent
snsexnbdik.png,Loose Silky-bent
